Serial,P1,P2,P3,P4,P5,R1,R2,R3,R4,R5
1,-24.34,-6.72,-10.85,-17.52,-17.29,-62.75,-11.83,25.84,27.33,31.57
2,-24.12,-6.79,-9.7,-16.35,-16.27,-65.51,-13.63,24.68,26.57,31.04
3,-27.32,-7.4,-9.33,-15.76,-16.65,-72.35,-21.14,16.48,19.58,25.2
4,-30.05,-9.56,-11.64,-17.87,-18.33,-70.04,-19.26,17.41,20.48,26.1
5,-31.97,-10.9,-11.06,-16.19,-16.32,-70.61,-17.32,19.61,22.4,27.15
6,-29.95,-10.69,-12.64,-18.46,-18.35,-68.8,-17.75,18.59,21.28,26.57
7,-29.52,-10.32,-12.28,-18.29,-18.28,-68.66,-18.03,18.73,21.33,26.71
8,-28.85,-9.91,-11.88,-17.88,-17.71,-69.13,-17.54,19.22,21.66,26.83
9,-28.48,-10.08,-12.01,-18.32,-18.23,-67.59,-16.99,19.6,22.25,27.27
10,-28.2,-9.5,-10.85,-17.02,-17.05,-68.87,-17.71,19.36,22.1,27.44
11,-27.37,-11.63,-13.68,-19.42,-18.28,-63.2,-12.8,24.82,26.16,30.74
12,-27.09,-10.92,-13.27,-18.84,-17.85,-64.17,-13.56,24.19,25.88,30.21
13,-25.37,-8.53,-10.59,-16.62,-16.01,-65.9,-14.2,23.91,25.65,29.86
14,-24.09,-7.72,-9.43,-15.9,-15.33,-66.89,-14.85,23.07,25.09,29.35
15,-25.11,-7.49,-8.92,-15.4,-14.86,-68.22,-15.56,22.18,24.46,28.57
16,-25.39,-9.18,-10.21,-16.38,-16.14,-67.15,-17.3,20.54,23.35,27.91
17,-28.18,-9.49,-10.45,-16.72,-15.89,-69.25,-18,18.97,21.68,26.08
18,-28.8,-10.28,-11.93,-18.08,-17.07,-66.9,-16.07,20.66,23.02,26.97
19,-28.56,-11.33,-13.14,-18.88,-17.42,-64.93,-14.54,22.23,24.17,28.13
20,-27.72,-11.02,-13.05,-18.85,-17.28,-64.07,-13.71,23.46,25.19,28.78
21,-26.11,-9.79,-11.9,-17.96,-16.59,-62.09,-12.76,24.63,26.35,29.6
22,-26.08,-10.16,-12.12,-18.32,-16.68,-60.26,-11.87,25.62,27.03,30.26
23,-25.26,-9.54,-11.83,-17.72,-15.79,-59.68,-11.03,26.44,27.87,30.69
24,-23.66,-8.47,-11.03,-17.17,-15.41,-58.88,-10.26,27.51,28.65,31.3
25,-23.88,-8.26,-10.26,-16.66,-14.29,-59.08,-10.33,27.78,28.99,31.15
26,-23.14,-7.22,-9,-15.65,-13.94,-59.96,-11.34,26.77,28.13,30.59
27,-23.32,-7.22,-8.92,-15.32,-13.51,-60.83,-12.01,26.04,27.64,30.15
28,-22.95,-6.7,-8.09,-14.81,-13.14,-61.36,-12.78,25.41,27.18,29.39
29,-21.79,-5.03,-6.07,-13.1,-12.06,-63.46,-13.76,24.36,26.49,29.05
30,-23.14,-5.3,-6.1,-12.96,-11.97,-65.39,-16.38,21.83,24.34,27.27
31,-25.16,-6.33,-6.75,-12.99,-12.22,-66.66,-18.43,19.49,22.18,25.65
32,-26.83,-7.7,-7.93,-13.86,-12.14,-67.31,-18.33,19.1,21.89,25.1
33,-29.8,-10.04,-10.99,-16.68,-14.37,-66.33,-19.81,16.83,19.92,23.43
34,-31.23,-12.29,-13.82,-18.99,-16.52,-63.8,-18.91,17.63,20.4,23.65
35,-34.41,-15.58,-16.82,-20.87,-17.61,-63.81,-20.01,15.85,18.77,22.25
36,-35.16,-17.87,-20.46,-24.01,-19.8,-60.06,-17.17,18.95,20.6,23.61
37,-35.24,-18.9,-21.54,-25.67,-20.94,-57.41,-15.55,20.48,21.75,25.44
38,-32.98,-20.48,-24.6,-27.97,-21.42,-56.7,-12.13,23.71,24.55,28.31
39,-29.59,-19.23,-23.48,-27.26,-20.82,-55.93,-9.39,29.05,29.35,33.27
40,-25.03,-16.97,-22,-25.91,-19.48,-53.99,-6.36,32.9,32.5,35.79
41,-22,-16.14,-20.96,-25.04,-18.19,-52.59,-2.3,37.84,36.88,39.21
42,-19.08,-12.62,-17.82,-22.45,-16.08,-53.77,-3.3,36.93,36.25,38.51
43,-17.48,-10.46,-14.58,-19.79,-14.22,-55.42,-3.66,36.03,35.85,38.09
44,-15.58,-7.13,-11.26,-17.12,-12.27,-57.39,-3.96,36.08,35.91,37.79
45,-14.71,-5.72,-9.16,-15.39,-11.05,-58.21,-4.86,34.85,35.21,37.18
46,-13.32,-3.5,-7,-13.52,-9.67,-60.2,-5.42,34.52,34.65,36.34
47,-11.91,-1.26,-4.87,-11.7,-8.33,-61.52,-6.39,33.42,33.98,35.9
48,-11.98,-0.65,-3.59,-10.61,-7.67,-62.96,-7.19,32.19,32.96,34.72
49,-11.79,0.05,-2.57,-10.1,-7.08,-64.46,-8.81,31.2,32.14,33.96
50,-12.68,-0.85,-3.94,-10.96,-7.46,-65.09,-9.54,30,31.08,33.17
51,-15.68,-7,-9.08,-15.17,-10.79,-59.55,-5.82,33.96,34.05,35.64
52,-19.97,-9.59,-13.57,-19.61,-14.64,-55.99,-4.47,35.23,35.13,36.59
53,-19.34,-8.73,-11.69,-17.39,-12.56,-60.13,-7.88,31.2,31.77,33.98
54,-21.22,-9.99,-11.35,-16.87,-12.48,-65.92,-14.7,25.18,27.14,30.29
55,-24.34,-14.74,-17.76,-22.44,-16.75,-60.35,-11.55,28.22,29.26,31.77
56,-24.23,-14.39,-18.14,-22.93,-17.07,-57.51,-8.52,31.05,31.49,33.45
57,-24.79,-11.78,-13.45,-18.44,-14.54,-64.88,-13.92,25.37,27.13,30.14
58,-26.31,-14.11,-16.03,-20.22,-15.65,-64.25,-14.37,24.53,26.32,29.62
59,-27.78,-18.51,-21.82,-25.76,-19.71,-53.87,-4.57,34.21,33.75,35.06
60,-28.42,-17.95,-20.92,-24.97,-19.49,-58.24,-9.53,29.19,29.97,32.05
61,-26.85,-15.18,-17.69,-21.95,-17.31,-63.08,-12.38,26.59,27.46,30.22
62,-27.17,-14.38,-17.23,-21.76,-17.34,-62.8,-11.98,26.52,27.81,30.2
63,-28.37,-16.26,-19.9,-23.85,-18.79,-62.1,-11.78,25.9,27.22,29.66
64,-25.19,-12.36,-15.64,-20.4,-16.43,-62.46,-10.45,27.91,28.96,31.27
65,-28.36,-16.68,-20.72,-24.75,-19.56,-61.33,-10.97,26.38,27.36,29.48
66,-26.4,-14.16,-17.46,-21.9,-17.09,-63.28,-10.96,26,27.4,29.99
67,-25.38,-13.43,-17.36,-21.59,-16.66,-61.15,-8.1,29.45,30.35,32.02
68,-22.39,-6.84,-9.58,-16.42,-13.42,-68.07,-11.3,24.94,27,29.7
69,-14.71,-3.9,-7.88,-14.35,-10.72,-52.96,5.15,42.61,42.43,42.78
70,-21.84,-1.75,-2.25,-8.94,-8.16,-77.39,-20.76,13.87,18.5,22.64
71,-29.1,-10.02,-11.42,-16.18,-14.12,-74.84,-18.78,14.53,18.51,22.32
72,-30.52,-12.34,-13.9,-18.1,-15.34,-72.41,-16.61,16.41,19.6,22.96
73,-39.72,-19.36,-21.09,-23.88,-20.24,-72.87,-20.09,11.08,14.93,18.61
74,-38.2,-18.57,-20.08,-22.54,-19.28,-71.68,-18.8,12.84,16.58,19.9
75,-39.77,-23.01,-24.17,-26.53,-22.09,-69.27,-20.52,12.6,15.64,19.08
76,-38.88,-25.12,-27.72,-29.79,-24.22,-64.92,-16.93,15.83,17.75,20.45
77,-39.88,-32.26,-30.65,-31.21,-23.18,-66.6,-26.77,17.05,19.22,22.87
78,-38.67,-31.02,-30.85,-31.96,-24.15,-68.2,-20.93,18.85,20.44,24.5
79,-37.98,-29.24,-29.74,-30.77,-23.85,-68.26,-22.9,16.99,18.78,23.2
80,-37.4,-26.89,-26.13,-27.66,-21.25,-72.9,-25.72,13.76,16.37,21.4
81,-38.59,-29.16,-28.97,-29.93,-22.99,-69.15,-22.39,15.45,17.9,22.13
82,-39.27,-31.35,-29.71,-30.87,-23.87,-68.03,-19.68,17.31,19.37,23.44
83,-37.24,-34.5,-32.18,-33.42,-27.03,-69.93,-21.42,17.82,21.78,28.2
84,-40.15,-36.77,-34.44,-34.97,-28.88,-73.95,-26.83,14.15,17.94,25.91
85,-38.34,-33.76,-33.46,-35.08,-29.38,-70.2,-23.35,16.79,19.79,27.61
86,-37,-31.88,-32.02,-34.72,-28.93,-67.52,-20.39,19.32,20.83,28.28
87,-37,-32.78,-33.04,-34.24,-27.1,-63.92,-15.16,24.54,25.84,31.46
88,-27.85,-27.02,-27.19,-30.59,-22.28,-55.64,-5.27,35.64,35.84,38.52
89,-25.04,-22.49,-23.86,-28.13,-20.54,-54.65,-2.73,38.86,38.23,40.45
90,-22.29,-18.46,-19.83,-25.1,-18.16,-56.03,-3.52,37.61,37.45,39.48
91,-22.05,-17.89,-19.2,-24.28,-17.22,-57.16,-3.09,36.66,36.94,38.72
92,-21.62,-15.21,-17,-22.98,-17.06,-60.26,-6.04,34.04,34.66,37.07
93,-26.18,-18.06,-20.92,-26.44,-20.79,-65.77,-13.13,25.38,26.66,30.42
94,-30.19,-21.04,-22.93,-27.58,-21.71,-70.01,-18.69,18.86,21.21,26.11
95,-32.7,-20.76,-20.13,-23.98,-19.48,-77.85,-23.27,14.84,18.46,23.7
96,-32.79,-20.6,-20.85,-25.28,-20.72,-78.02,-24.2,13.48,16.94,22.18
97,-36.44,-23.89,-24.71,-27.92,-22.64,-77.69,-26.35,10.87,14.61,20.36
98,-37.6,-25.17,-25.94,-29.16,-23.55,-74.39,-24.92,11.98,15.3,20.6
99,-38.31,-26.73,-27.83,-30.76,-24.37,-71.27,-21.39,15.64,18.23,22.71
100,-37.6,-26.96,-28.75,-31.46,-24.93,-69.1,-20.86,15.77,18.67,23.37
101,-39.13,-29.36,-30.59,-32.3,-25.02,-70.72,-21.42,15.66,18.33,22.9
102,-33.2,-26.77,-27.79,-30.74,-23.74,-67.22,-16.53,21.5,23.21,26.73
103,-22.95,-11.5,-11.42,-19.06,-16.22,-80.43,-19.82,19.8,21.43,26.1
104,-20.56,-3.36,0.32,-11.05,-13.37,-80.39,-18.04,21.16,22.55,26.17
105,-21.04,-2.55,-0.3,-11.03,-13.04,-80.13,-17.12,21.49,22.91,26.01
106,-20.41,-3.79,-2.48,-11.54,-12.35,-80.56,-17.05,21.07,22.76,26.14
107,-20.97,-9.71,-14.71,-17.82,-14.06,-78.67,-15.76,20.9,22.51,25.95
108,-20.36,-10.78,-15.04,-18.04,-13.66,-77.22,-15.34,20.87,22.98,26.26
109,-19.62,-6.17,-10.43,-15.79,-12.94,-78.69,-15.44,20.94,23.24,26.81
110,-18.23,-0.64,-6.33,-14.05,-11.2,-78.19,-13.27,20.9,23.24,26.49
111,-17.96,-0.29,-4.54,-12.62,-10.17,-77.39,-12.85,21.71,23.96,26.37
112,-17.97,-1.15,-3.98,-12.32,-9.98,-77.29,-13.47,20.53,23.19,25.89
113,-18.39,0.41,-0.55,-9.35,-6.87,-77.46,-13.96,21.8,23.93,25.73
114,-17.58,0.5,0.1,-9.1,-5.09,-76.98,-13.82,21.57,23.85,25.51
115,-12.89,-4.2,-2.65,-12.13,-10.93,-80.8,-16.33,23.4,25.4,29.8
116,-13.47,1.01,2.38,-7.79,-6.36,-78.14,-14.04,25.05,28.43,29.94
117,-16.47,-0.09,1.29,-8.32,-6.78,-79.31,-13.87,25.29,28.06,29.98
118,-17.65,3.09,1.64,-7.34,-6.3,-64.57,-11.15,25.21,27.91,29.6
119,-17.42,7.2,5.58,-6.15,-7.21,-61.41,-13.81,23.78,25.79,26.39
120,-18.63,5.5,4.65,-6.15,-6.64,-65.25,-16.35,24.12,26.37,28.36
121,-17.68,-1.22,-2.89,-12.27,-10.94,-67.83,-15.35,24.65,26.47,30.61
122,-19.09,-7.19,-8.44,-14.6,-11.57,-67.6,-13.57,25.23,27.21,30.98
123,-19.95,-8.48,-9.96,-15.38,-12.67,-68.45,-13.93,25.13,27.25,31.08
124,-19.67,-7.06,-8.39,-14.95,-12.33,-70.04,-14.24,25.04,27.04,31.17
125,-17.61,-8.63,-8.97,-14.37,-10.77,-69.56,-14.39,26.32,28.2,31.72
126,-17.17,-8.19,-8,-13.72,-9.47,-69.74,-15.05,25.99,28.06,31.69
127,-16.54,-9.67,-11.54,-15.79,-10.37,-64.16,-7.77,32.04,32.55,35.32
128,-17.85,-9.73,-11.5,-16.36,-11.75,-65.11,-8.71,30.61,31.45,34.35
129,-20.48,-10.06,-11.98,-16.71,-11.93,-67.24,-10.38,28.04,29.27,31.99
130,-22.91,-11.51,-13.25,-18.49,-12.16,-67.76,-12.3,25.28,26.69,30.79
131,-23.3,-9.69,-11.84,-17.04,-12.49,-63.05,-11.51,24.98,26.98,29.67
132,-25.29,-11.93,-12.22,-17.98,-13.12,-63.08,-9.86,25.17,27.22,29.09
133,-25,-12.2,-12.57,-17.64,-11.84,-64.13,-9.35,25.45,27.75,28.61
134,-25.06,-11.07,-13.93,-18.71,-11.13,-64.32,-9.7,25.6,27.74,27.06
135,-27.4,-22.91,-21.5,-23.51,-14.35,-67.92,-8.25,25.59,27.56,29.04
136,-23.69,-15.15,-18.95,-23.35,-17.19,-63.66,-10,25.75,28.28,32.36
137,-25.25,-5.7,-17.42,-22.68,-17.76,-64.09,-9.05,25.27,27.83,32.72
138,-25.02,-21.88,-21.03,-22.86,-13.57,-66.37,-10.46,25,27.68,27.72
139,-46.65,-44.69,-44.86,-42.77,-29.38,-56.29,-12,23.16,21.47,22.06
140,-41.21,-35.58,-37.34,-37.33,-26.87,-64.75,-17.9,20.35,20.21,24.32
141,-42.2,-36.03,-39.97,-39.78,-29.7,-60.32,-17.5,19.89,20.09,24.04
142,-39.4,-32.05,-35.57,-35.89,-26.25,-63.02,-18.6,18.42,19.35,23.19
143,-39.96,-33.13,-36.57,-37.47,-27.9,-63.14,-21.02,16.34,17.72,21.98
144,-38.98,-31.05,-32.76,-37.01,-28.32,-64.63,-21.65,17.31,19.17,23.24
145,-35.45,-28.17,-30.82,-34,-24.89,-67.28,-18.52,20.83,22.99,27.48
146,-31.14,-25.97,-25.71,-31.36,-23.74,-69.92,-23.36,22.21,24.82,30.5
147,-24.15,-15.34,-18.86,-24.7,-18.76,-61.81,-15.8,25.86,28.73,33.51
148,-28.5,-15.88,-19.84,-26.81,-22.53,-64.27,-17.02,21.98,25.4,30.9
149,-38.89,-22.04,-19.79,-24.81,-19.13,-62.97,-9.2,30.98,32.54,34.53
150,-29.43,-23.22,-27.21,-33.13,-25.98,-61.25,-18.69,21.23,23.91,29.14
151,-27.91,-18.22,-18.7,-25.39,-20.52,-64.41,-16,24.48,27.37,32.07
152,-27.08,-21.15,-23.75,-27.15,-20.12,-62.27,-19.13,25.45,27.37,30.53
153,-31.06,-21.41,-22.38,-25.6,-18.91,-62.99,-13.89,27.18,29.01,32.04
154,-26.84,-19.44,-21.59,-25.4,-19.08,-59.01,-11.84,28.4,30.32,33.31
155,-26.62,-21.21,-24.46,-28.31,-21.04,-58.41,-14.05,27.09,28.74,32.81
156,-28.62,-23.29,-27.83,-30.57,-23.12,-61.25,-17.64,22.53,24.23,29.07
157,-33.51,-24.85,-29.5,-32.17,-24.54,-63.99,-16.22,23.71,24.65,28.93
158,-33.14,-24.09,-28.99,-31.86,-24.66,-65.69,-20.37,19.02,20.98,26.72
159,-34.31,-26.47,-32.11,-34.09,-25.69,-61.58,-16.96,21.99,23.08,28.13
160,-40.98,-30.94,-35.18,-36.12,-27.56,-63.65,-20.03,18.25,19.68,24.91
161,-44.21,-32.93,-38.08,-39.05,-30.36,-63.15,-20.85,16.95,18.11,23.32
162,-37.68,-27.22,-33.94,-36.2,-27.29,-61.94,-16.1,22.26,23.18,27.21
163,-33.18,-25.17,-31.63,-34.21,-25.91,-58.72,-10.77,28.73,28.73,31.39
164,-30.71,-19.32,-24.4,-28.51,-22.44,-66.34,-15.1,24.18,25.62,29.49
165,-38.95,-25.99,-32.39,-34.54,-26.41,-67.91,-19.92,17.17,18.66,23.56
166,-38.61,-26.98,-32.98,-35.63,-26.97,-64.24,-16.33,21.52,22.61,26.21
167,-39.09,-28.42,-34.39,-37.63,-29.44,-60.99,-13.6,24.59,25.23,28.45
168,-35.1,-26.26,-31.89,-35.6,-27.73,-57.97,-10.14,29.29,29.57,32.93
169,-32.74,-19.46,-24.89,-29.42,-23.27,-68.44,-17.64,21.21,23.15,28.14
170,-34.57,-24.34,-30.51,-34.27,-26.68,-61.28,-13.27,25.73,26.82,30.91
171,-27.96,-18.72,-25.41,-29.58,-22.66,-58.62,-8.48,32.01,32.25,35.4
172,-38.36,-25.76,-32.44,-34.95,-27.53,-61.91,-14.85,23.16,24.3,28.29
173,-27.86,-18.07,-25.9,-30.21,-23.44,-57.5,-9.19,30.65,31.43,34.37
174,-31.19,-19.61,-26.65,-30.84,-23.68,-60.68,-12.76,26.25,27.33,30.45
175,-34.44,-24.3,-29.74,-32.93,-25.72,-59.27,-14.05,26.15,26.84,30.02
176,-28.61,-21.18,-27.07,-30.69,-23.18,-55.47,-7.75,34.12,33.66,35.9
177,-34.12,-25.16,-31.02,-33.94,-25.94,-58.77,-13.78,26.43,26.6,30.04
178,-32.75,-23.6,-29.96,-33.16,-25.36,-58.04,-10.93,28.72,29.04,32.02
179,-29.29,-19.21,-25.07,-29.09,-22.08,-59.98,-10.14,28.99,29.43,32.54
180,-30.95,-19.62,-25.12,-28.93,-22.15,-62.89,-13.67,25.48,26.64,29.92
181,-33.66,-24.01,-30.58,-33.87,-25.98,-56.02,-9.81,29.48,29.92,32.16
182,-33.91,-24.46,-31.7,-34.64,-26.47,-56.67,-11.19,27.34,27.77,29.35
183,-35.6,-24.65,-31.47,-34.33,-26.6,-57.11,-11.4,26.27,26.72,28.51
184,-36.55,-24.98,-31.9,-34.76,-26.88,-56.63,-9.88,25.79,26.35,27.94
185,-37.47,-25.85,-32.93,-35.2,-27.33,-56.79,-10.25,24.94,25.47,27.29
186,-38.1,-25.67,-34.63,-36.92,-28.43,-55,-6.61,28.24,28.53,29.34
187,-35.09,-36.39,-38.44,-38.8,-29.26,-52.74,-9.79,32.93,31.1,31.31
188,-37.93,-35.47,-38.51,-38.7,-28.79,-56.43,-13.95,27.7,26.71,27.82
189,-38.8,-33.81,-36.74,-37.55,-27.95,-59.34,-16.13,24.17,24,25.96
190,-39.6,-31.72,-34.98,-36.19,-26.69,-62.45,-18.84,20.93,21.75,24.4
191,-33.73,-25.99,-27.67,-31.12,-23.3,-63.19,-16.64,24.34,25,27.65
192,-29.29,-30.28,-30.61,-32.71,-22.28,-63.33,-15.26,25.49,27.27,30.47
193,-29.22,-26.97,-29.89,-32.51,-22.76,-60.06,-13.97,26.96,27.39,30.37
194,-29.72,-27.3,-29.44,-31.44,-22.06,-58.94,-12.27,28.83,29.05,31.25
195,-31.12,-21.38,-24.19,-27.14,-22.82,-62.47,-14.03,23.67,25.03,28.15
196,-32.58,-20.8,-25.24,-27.79,-23.66,-61.31,-16.09,20.87,22.56,25.9
197,-31.88,-21.03,-25.66,-28.01,-24.18,-55.09,-10.48,25.42,26.52,28.95
198,-36.27,-22.07,-27.29,-29.06,-23.06,-59.47,-13.78,20.25,21.9,24.54
199,-33.23,-20.11,-25.18,-27.62,-22.32,-56.91,-10.65,23.38,24.89,26.89
200,-33.67,-17.92,-22.64,-25.48,-20.22,-57.2,-13.83,20.25,22.33,24.92
201,-29.76,-14.08,-21.35,-25.45,-19.96,-61.69,-17.05,19.43,21.03,25.28
202,-32.22,-17.04,-21.62,-26.05,-19.62,-61.56,-14.39,22.45,23.66,27.52
203,-27.65,-14.23,-18.51,-23.7,-18.02,-60.5,-12.07,25.1,26.7,30.21
204,-24.92,-10.89,-14.89,-20.82,-15.97,-62.06,-11.95,25.01,26.78,30.08
205,-24.74,-10.13,-13.96,-20.21,-15.67,-65.88,-11.57,26.26,27.83,30.97
206,-26.53,-15.57,-18,-22.59,-17.84,-73.86,-18.93,21.76,24.27,28.29
207,-29.13,-19.1,-24.77,-29.48,-23.67,-66.46,-15.5,24.54,25.76,29.54
208,-29.52,-28.45,-29.42,-29.92,-22,-76.07,-25.17,25.83,25.89,31.74
209,-24.93,-25.4,-27.09,-29.43,-21.49,-70.34,-14.95,27.94,28.19,33.08
210,-22.64,-16.16,-23.83,-27.17,-20.07,-71,-19.4,26.43,26.93,31.66
211,-23.32,-15.3,-21.35,-25.5,-18.35,-65.29,-10.68,31.38,31.14,34.36
212,-23.34,-14.34,-20.62,-24.83,-18.15,-66.6,-11.98,30.13,30.32,33.64
213,-22.42,-12.08,-17.68,-21.76,-15.62,-69.03,-15.66,25.43,26.48,30.9
214,-21.28,-8.51,-13.93,-19.05,-13.37,-69.04,-15.26,26.38,27.64,31.42
215,-20.44,-8.43,-14.26,-19.67,-14.08,-67.17,-14.09,26.37,27.63,31.38
216,-20.99,-8.53,-15.04,-20.49,-14.83,-64.57,-11.22,29.4,30.24,33.25
217,-20.15,-10.59,-16.93,-22.79,-16.33,-60.6,-7.68,32.86,32.71,34.42
218,-22.42,-11.66,-17.28,-22.94,-16.43,-56.98,-4.03,36.65,36.43,37.24
219,-23.97,-12.8,-17.45,-22.78,-16.21,-57.49,-3.28,35.59,35.52,36.04
220,-22.99,-10.95,-16,-21.73,-15.48,-56.71,-1.81,36.76,36.76,37.34
221,-22.79,-11.66,-17.31,-22.69,-16.37,-53.91,0.76,38.82,38.38,38.21
222,-22.43,-10.43,-13.25,-18.9,-12.83,-59.25,-2.71,35.02,35.1,35.9
223,-20.5,-9.96,-13.43,-19.35,-13.23,-60.22,-4.62,33.34,33.89,34.96
224,-21.09,-9.79,-12.63,-18.68,-12.93,-61.85,-5.36,31.99,32.62,34.05
225,-19.2,-6.38,-9.05,-16.28,-11.36,-67.03,-11.21,26.78,28.58,31.18
226,-21.44,-12.11,-12.05,-17.96,-12.68,-67.98,-14.9,26.52,27.99,30.38
227,-18.38,-8.07,-8.8,-15.62,-10.95,-68.28,-13.81,26.29,28.21,30.7
228,-20.79,-6.93,-13.97,-20,-15.54,-65.8,-14.05,28.6,29.82,32.61
229,-21.99,-7.74,-16.2,-21.79,-16.53,-60.46,-11.75,30.39,31.14,33.57
230,-21.88,-9.66,-16.55,-22.77,-17.2,-56.16,-7.05,34.27,34.78,35.86
231,-17.79,-5.1,-11.81,-18.45,-13.11,-57.07,-4.99,35.54,35.72,36.33
232,-17.92,-5.18,-12.15,-19.11,-13.76,-55.75,-4.65,36.03,36.27,36.72
233,-22.56,-9.67,-16.7,-22.6,-16.09,-55.94,-6.02,33.28,33.79,33.86
234,-23.42,-9.33,-17.04,-22.98,-16.41,-55.11,-5.98,33,33.32,33.07
235,-25.32,-10.89,-18.44,-24.08,-17.15,-55.38,-7.59,30.88,31.72,31.92
236,-25.1,-10.43,-17.64,-23.31,-16.97,-54.83,-6.42,31.77,32.58,32.5
237,-26.51,-12.29,-19.1,-24.72,-18,-53.35,-5.78,32.32,33.16,32.7
238,-25.03,-11.81,-19,-24.54,-17.55,-51.73,-4.09,34.44,34.87,34.04
239,-22.35,-10.07,-17.18,-23.13,-16.44,-50.91,-2.22,36.35,36.49,35.26
240,-19.68,-8.47,-11.79,-18.46,-12.82,-56.84,-5.27,32.89,33.76,33.71
241,-21.05,-8.2,-11.41,-18.01,-12.08,-60.82,-9.14,29.06,30.57,30.84
242,-24.04,-10.48,-13.15,-19.01,-11.94,-61.18,-10.53,27.38,29.32,29.18
243,-27,-14.11,-17.03,-22.75,-15.58,-57.38,-7.67,29.72,31.13,29.96
244,-28.24,-16.61,-20.23,-25.4,-17.38,-55.31,-6.14,30.5,31.68,29.92
245,-28.44,-20.25,-23.24,-27.97,-19.53,-51.78,-3.88,34.55,34.69,32.22
246,-32.57,-23.05,-26.36,-30.91,-22.51,-49.97,-3.57,33.64,33.56,30.65
247,-33.9,-21.68,-26.41,-31.66,-22.95,-53.48,-7.26,33.28,30.04,29.54
248,-32.71,-20.26,-26.18,-31.31,-26.44,-64.78,-19.11,22.69,26.77,34.9
249,-32.01,-20.57,-23.63,-29.69,-24.35,-62.53,-15.25,24.79,27.63,34.65
250,-28.01,-6.23,-10.9,-20.9,-19.22,-62.74,-13.92,25.85,28.48,32.44
251,-21.71,-18.94,-18.62,-27.4,-24.92,-74.52,-13.33,27.98,30.06,39.04
252,-22.49,-9.65,-15.87,-24.04,-20.13,-67.89,-12.6,27.47,30.08,33.97
253,-20.02,-13.28,-18.46,-24.07,-17.7,-67.07,-13.23,28.65,30.74,33.62
254,-20.98,-13.16,-18.15,-23.59,-18.06,-63.7,-12.41,28.86,31.56,32.9
255,-19.9,1.36,-7.24,-14.7,-11.47,-57.9,-9.44,29.16,31.38,30.93
256,-20.29,2.7,-3.33,-12.15,-9.82,-56.6,-9.28,29.52,31.37,30.67
257,-20.33,-15.37,-18.53,-25.38,-18.06,-67.08,-10.95,30.64,32.63,34.73
258,-18.08,-30.49,-31.23,-34.89,-22.5,-70.23,-12.25,33.71,36.42,39.99
259,-20.47,2.11,-3.71,-14.59,-9.75,-60.34,-7.42,31.27,32.78,30.76
260,-21.98,3.54,-2.87,-16.06,-17.64,-64.3,-8.61,28.62,30.17,31.64
261,-22.44,-3.46,-5.03,-16.59,-22.16,-73.09,-9.31,24.38,27.36,35.97
262,-21.83,-5.99,-5.97,-11.64,-8.75,-68.32,-2.26,31.11,33.05,31.15
263,-21.05,-2.82,3.29,-18.41,-8,-68.15,-0.54,31.99,33.65,30.79
264,-20.84,-3.72,-12.42,-25.85,-13.86,-66.4,1.13,32.93,40.36,32.36
265,-20.08,-4.59,-17.18,-7.83,-5.03,-66.48,-1.1,30.98,33.36,29.18
266,-20.73,-21.55,-14.81,-9.46,-4.99,-65.69,-7.54,31.33,33.26,29.53
267,-17.49,-0.45,5.94,-3.99,-1.48,-65.94,-6.4,29.64,32.57,29.43
268,-19.01,-22.79,4.64,-4.65,-2.77,-65.82,-8.6,29.43,32.83,29.23
269,-21.98,-11.43,6.72,0.65,3.18,-85.33,-29.35,6.25,14.78,16.51
270,-31.87,-31.95,-29.61,-31,-21.37,-77.49,-19.43,19.26,22.03,23.02
271,-33.78,-13.47,-13.65,-18.1,-11.37,-59.42,-13.98,19.06,22.35,19.18
272,-30.19,-35.11,-30.82,-32.56,-22.83,-78.89,-23.51,16.61,19.98,21.26
273,-35.83,-21.99,-22.72,-25.62,-17.74,-56.6,-13.17,16.53,20.65,18.63
274,-36.56,-8.06,-7.65,-16.34,-12.86,-56.01,-8.73,17.99,22.17,19.81
275,-34.99,-26.31,-22.52,-26.72,-20.94,-69.13,-10.99,19.24,22.85,22.43
276,-28.76,-25.41,-21.45,-25.4,-17.42,-67.85,-9.19,23.06,26.01,24.22
277,-30.63,-9.79,-10.47,-16.65,-11.72,-53.81,-3.95,24.48,27.49,23.46
278,-30.46,-26.16,-23.68,-27.23,-18.72,-67.62,-8.66,24.7,28.06,24.64
279,-29.97,-19.44,-16.68,-20.27,-14.49,-65.19,-6.62,24.33,27.22,23.49
280,-29.94,-14.21,-11.98,-17.03,-11.89,-63.45,-6.43,23.47,27.08,23.05
281,-30.42,-28.45,-25.59,-27.7,-19.37,-67.98,-7.89,25.75,28.21,25.44
282,-28.6,-20.11,-18.52,-22.48,-15.35,-66.11,-6.1,25.45,28.68,25.08
283,-27.9,-9.43,-10.15,-16.37,-11.52,-60.5,-4.68,25.61,29.09,24.98
284,-24.65,-8.23,-6.89,-17.85,-16.86,-75.93,-16.71,23.39,27.66,28.3
285,-31.87,-18.98,-10.18,-15.56,-12.66,-56.55,-20.15,20.17,23.95,23.75
286,-32.58,-16.31,-12.13,-17.67,-14.93,-59.43,-18.04,20.13,23.64,23.63
287,-29.85,-13.64,-9.18,-15.38,-13.58,-59.11,-17.39,20.97,24.81,24.35
288,-30.36,-12.62,-9.45,-15.59,-13.69,-58.7,-14.34,23.04,26.66,25.28
289,-33.73,-17.96,-16.47,-22.02,-19.63,-55.05,-13.26,22.99,26.06,24.43
290,-36.93,-20.77,-20.2,-24.83,-21.7,-67.28,-24.23,18.23,21.76,25.8
291,-34.21,-24.93,-25.28,-26.77,-23.47,-60.71,-21.21,15.03,23.18,26.9
292,-33.18,-22.42,-21.32,-23.47,-19.73,-60.31,-20.13,18.54,23,25.75
293,-31.74,-24.49,-24.87,-27.14,-22.09,-50.73,-11.25,27.94,29.45,30.09
294,-29.82,-19.64,-18.93,-21.54,-17.51,-58.27,-15.46,23.29,26.24,28.04
295,-32.21,-24.55,-24.92,-26.84,-21.2,-51.22,-10.57,27.69,29.05,29.27
296,-30.74,-18.6,-20.01,-22.01,-16.95,-52.87,-15.31,22.46,25.34,26.15
297,-32.93,-22.56,-25.74,-26.98,-19.71,-45.54,-9.6,25.92,27.53,27.18
298,-28.48,-19.49,-24.7,-27.51,-21.16,-39.69,-2.73,31.82,32.28,30.15
299,-30.1,-19.69,-24.74,-27.15,-21.04,-39.21,-2.06,31.21,31.58,29.53
300,-32.27,-18.54,-23.58,-26.15,-20.11,-44.9,-5.56,26.91,28.01,27.18
301,-35.48,-13.05,-15.96,-21.09,-18.13,-58.99,-17,18.96,22.06,24.32
302,-29.93,-8.17,-11.22,-18.22,-15.45,-57.14,-12.55,24.42,27.12,28.58
303,-32.88,-9.21,-12.89,-18.1,-16.17,-57.32,-13.04,21.86,25.4,27.25
304,-19.76,-2.02,-5.23,-18.03,-21.05,-67.2,-13.68,24.56,28.71,40.77
305,-22.02,-12.39,-17.34,-26.21,-24.85,-53.12,-6.45,31.46,34.91,44.96
306,-22.23,-11.29,-16.68,-26.46,-25.92,-55.17,-7.05,30.44,34.13,44.16
307,-25.59,-13.35,-19.25,-28.51,-29.27,-54.73,-7.27,29.14,33.25,43.63
308,-27.5,-11.2,-15.39,-25.17,-27.27,-62.47,-15.8,20.33,25.7,36.01
309,-32.38,-13.26,-21.76,-28.04,-27.36,-61.67,-19.69,17.1,22.31,31.8
310,-20.84,-6.66,-12.19,-22.38,-23.76,-63.53,-16.02,23.25,27.4,35.67
311,-21.86,-7.68,-14.31,-24.05,-25.97,-60.76,-15.79,22.63,27.5,35.2
312,-20.56,-5.84,-10.9,-20.56,-23.64,-67,-17,21.9,26.68,34.29
313,-21.79,-7.73,-11.32,-20.77,-23.15,-66.52,-17.43,21.21,26.32,32.69
314,-21.55,-7.61,-11.15,-21.14,-22.93,-63.93,-16.24,22.67,27.76,34.91
315,-19.25,-10.37,-12.22,-22.59,-21.25,-61.58,-15.81,25.12,28.07,35.01
316,-18.76,-8.19,-10.11,-22.21,-18.37,-63.72,-15.55,23.91,26.87,37.98
317,-25.98,-13.27,-19.31,-30.52,-27.27,-61.62,-19.51,16.59,20.85,34.16
318,-25.94,-10.52,-14.86,-25.3,-21.73,-64.28,-16.63,21.27,25.32,35.56
319,-18.41,-2.04,-4.56,-15.87,-14.84,-60.23,-10.99,28.4,31.75,38.88
320,-15.24,3.17,-1.02,-13.2,-12.49,-59.21,-7.67,31.09,33.76,40.09
321,-11.96,6.14,1.17,-11.26,-11.02,-58.36,-5.91,33,35.5,41.55
322,-13.74,5.45,1.54,-11.15,-11.04,-57.58,-6.52,31.32,33.98,39.73
323,-13.23,7.3,3.51,-9.03,-10.38,-58.23,-3.14,34.89,37.19,42.48
324,-18.82,-1.67,-7.88,-18.62,-17.77,-50.39,-3.58,33.92,36.51,41.72
325,-20.82,2.09,-2.71,-14.18,-14.99,-57.81,-8.72,26.56,30.51,36.52
326,-22.6,2.78,-0.77,-11.77,-12.9,-64.69,-14.28,20.95,26.12,32.31
327,-21.12,-3.31,-8.14,-18.28,-17.68,-52.4,-2.7,29.84,33.13,37.64
328,-19.89,-1.92,-6.25,-15.53,-14.89,-53.93,-2.72,31,34.73,38.01
329,-18.67,1.45,-3.19,-13.56,-13.19,-55.72,-5.07,29.52,33.34,36.41
330,-17.76,0.49,-4.11,-14.23,-14.03,-52.84,-1.99,32.52,36,39.36
331,-18.01,0.56,-4.07,-14.42,-13.87,-52.97,-1.25,32.91,35.82,38.98
332,-16.55,-1.42,-5.65,-15.49,-14.48,-50.26,3.29,36.19,38.83,41.04
333,-16.02,1.32,-3.31,-13.25,-12.56,-51.73,1.02,35.33,38.08,40.17
334,-16.89,4.23,0.66,-10.06,-10.77,-56.37,-2.51,31.68,35.3,38.03
335,-16.54,3.4,-0.53,-11.49,-13.43,-57.34,-4.32,30.79,35.31,38.98
336,-16.84,-0.53,-3.89,-13.84,-13.49,-55.26,-4.29,30.95,34.27,38.17
337,-19.59,-2.63,-5.14,-13.94,-14.22,-54.67,-0.79,32.19,34.73,38.54
338,-17.1,-4.51,-7.38,-16.17,-14.47,-52.03,1.51,33.81,36.64,39.51
339,-17.75,-3.27,-6.32,-16.03,-15.58,-52.27,1.36,33.34,36.26,40.21
340,-19.63,-7.99,-11.54,-20.35,-18.47,-50.08,3.51,35.27,37.66,40.77
341,-22.49,-8.24,-12.01,-20.1,-18.24,-53.3,-1.8,29,31.9,35.71
342,-24.71,-7.55,-10.99,-19,-17.87,-57.07,-5.18,25.52,29.38,33.83
343,-23.61,-8.5,-12.65,-20.2,-18.31,-53.24,-1.78,28.74,31.74,35.45
344,-22.54,-6.25,-10.05,-18.43,-16.96,-54.34,-1.74,29.48,32.79,36.37
345,-21.04,-6.2,-10.62,-19.15,-17.59,-51.9,0.87,31.98,34.99,38.62
346,-22.04,-6.66,-10.51,-18.93,-17.75,-52.94,-1.05,29.84,33.43,36.97
347,-21.47,-5.53,-10.23,-18.98,-17.67,-54.72,-1.67,29.24,32.39,35.9
348,-21.65,-4.91,-9,-17.44,-15.97,-55.3,-2.33,28.51,32.24,35.8
349,-21.51,-5.49,-9.77,-17.96,-16.57,-52.86,-0.38,30.22,33.59,36.92
350,-20.71,-5.87,-11.61,-19.74,-18.14,-51.01,0.61,31.57,34.59,37.63
351,-19.3,-6.2,-11.71,-20.24,-18.57,-48.15,4.54,35.71,38.18,40.26
352,-18.29,-1.61,-5.83,-14.82,-13.73,-54.5,0.67,32.08,35.28,38.03
353,-23.34,-6.16,-10.76,-18.75,-17.66,-54.06,-1.61,28.74,32.1,35.07
354,-24.04,-8.35,-13.34,-21.22,-19.7,-52.04,-0.97,29.23,32.59,35.34
355,-24.63,-10.46,-15.7,-24.07,-21.6,-50.35,-1.12,30.04,32.85,34.46
356,-24.36,-9.19,-14.53,-22.34,-20.64,-49.74,1.39,31.49,34.4,35.83
357,-25.07,-8.76,-12.53,-20.28,-18.23,-55.27,-3.55,26.33,30.01,33.06
358,-28.02,-12.57,-17.32,-23.97,-21.08,-51.78,-3.3,26.59,30.05,32.42
359,-26.06,-10.94,-15.66,-22.86,-20.53,-50.78,-2.18,27.77,31.36,33.89
360,-19.89,-4.37,-9.11,-17.6,-16.77,-54.19,-0.71,30.16,33.81,35.99
361,-27.12,-9.25,-13.92,-21.02,-19.86,-55.52,-5.09,24.97,28.96,31.36
362,-31.59,-10.44,-14.9,-21.79,-20.19,-59.44,-8.67,20.71,25.3,28.21
363,-41.42,-13.44,-15.72,-20.52,-18.57,-72.2,-23.35,3.84,11.36,17.04
364,-30.11,-11.61,-16.45,-23.69,-22.39,-53.74,-4.74,24.79,28.78,30.82
365,-21.69,-7.57,-12.46,-20.36,-19,-57.12,-3.95,27.16,30.7,32.67
366,-29.24,-11.43,-16.03,-22.52,-20.88,-60.42,-10.07,19.68,24.09,27.24
367,-32.58,-16.11,-21.1,-26.43,-23.99,-59.69,-9.5,19.86,24.08,26.62
368,-33.62,-17.69,-23.2,-27.92,-24.64,-58.86,-11.16,17.57,21.93,24.64
369,-31.97,-16.2,-23.05,-27.72,-23.5,-56.02,-6.07,23.71,26.79,28.55
370,-31.34,-21.52,-29.69,-31.64,-26.45,-51.43,-6.45,25.47,27.88,29.72
371,-27.39,-13.09,-21.4,-25.51,-21.52,-63.54,-16.03,20.05,23.94,26.75
372,-27.62,-11.07,-17.95,-23.47,-20.98,-65.36,-17.12,19.37,23.82,27.22
373,-29.51,-13.31,-18.22,-24.22,-21.68,-65.06,-16.75,17.88,22.8,25.93
374,-31.3,-15.42,-18.47,-24.53,-22.29,-63.66,-15.51,18.11,23.34,26.11
375,-31.44,-17.21,-22.89,-28.17,-24.89,-56.8,-10.32,23.11,27.35,28.42
376,-27.74,-14.05,-18.91,-24.32,-21.64,-57.83,-7.53,25.03,29.47,30.8
377,-25.85,-14.42,-18.62,-23.03,-19.45,-58.88,-6.52,22.48,26.68,29.95
378,-23.25,-12.03,-17.63,-23.48,-18.41,-68.38,-10.12,25.24,28.55,32.69
379,-23.86,-15.03,-18.77,-24.88,-20.37,-66.77,-5.82,27.88,31.32,36.74
380,-20.31,-9.31,-12.19,-19.48,-17.16,-69.05,-9.21,24,28.67,35.34
381,-19.66,-8.68,-11.25,-18.73,-16.01,-69.35,-8.84,24.39,28.94,35.14
382,-18.61,-7.98,-10.99,-18.46,-15.92,-65.38,-7.56,25.29,29.73,35.65
383,-17.84,-7.92,-13.31,-20.54,-16.94,-62.1,-4.29,28.7,32.38,37.49
384,-16.95,-4.14,-7.97,-16.72,-14.44,-63.9,-6.18,26.47,30.86,35.68
385,-22.56,-9.84,-13.49,-21.22,-18.28,-61.78,-6.3,25.68,30.22,35.09
386,-23.95,-10.24,-13.69,-20.88,-17.69,-64.19,-8.18,23.13,28.05,33.13
387,-24.67,-11.36,-15.04,-22.13,-19.11,-61.32,-6.79,25.17,29.58,34.22
388,-26.21,-15.4,-17.77,-24.04,-20.46,-60.49,-6.49,24.91,29.29,34.03
389,-25.43,-17.25,-16.5,-22.63,-17.75,-62.25,-8.61,21.07,27.57,33.78
390,-21.4,-10.58,-11.57,-18.85,-15.47,-61.11,-4.82,27.86,32.66,38.33
391,-25.29,-16.57,-20.76,-27.6,-25.22,-62.48,-11.91,27.06,31.02,37.85
392,-24.32,-30.35,-31.41,-38.98,-30.75,-66.84,-11.51,25.95,30.46,44.58
393,-24.98,-1.43,-4.4,-17.93,-15.54,-61.57,-11.56,23.35,26.36,32.16
394,-22.82,-6.21,-7.25,-18.56,-16.46,-58.97,-14.26,22.11,27,34.01
395,-27.02,-9.98,-10.7,-20.87,-19.13,-61.42,-15.8,23.69,28.08,34.16
396,-25.47,-9.56,-11.96,-22.59,-20.42,-58.87,-14.13,24.82,29.28,35.47
397,-26.66,-10.28,-12.73,-23.19,-21.11,-58.43,-14.48,23.79,28.2,34.31
398,-25.86,-10.14,-11.85,-22.24,-19.84,-58.36,-13.81,24.27,28.93,34.8
399,-28,-16.21,-16.48,-25.35,-21.67,-56.19,-12.66,25.76,29.85,35.42
400,-27.31,-16.91,-17.75,-26.44,-22.75,-55.22,-11.33,26.52,29.86,35.24
401,-25.76,-13.49,-14.99,-24.31,-20.9,-54.18,-11.18,26.91,30.58,35.98
402,-26.66,-10.82,-12.01,-22.16,-19.8,-56.28,-12.61,24.52,28.52,34.36
403,-29.88,-14.57,-15.71,-25.33,-22.04,-55.43,-12.73,23.31,27.4,32.71
404,-29.38,-14.09,-16.21,-25.85,-22.21,-52.97,-12.38,23.13,27.15,32.19
405,-27.23,-11.77,-14.53,-24.79,-21.22,-52.48,-10.96,25.01,28.62,33.3
406,-27.11,-10.46,-13.07,-23.17,-19.89,-54.2,-11.23,24.14,27.95,33.11
407,-27.56,-10.34,-14.27,-24.46,-21.5,-52.69,-9.15,24.65,28.64,33.55
408,-27.11,-8.32,-12.59,-23.23,-20.46,-54.29,-9.41,23.44,27.68,32.86
409,-29.65,-9.14,-11.03,-21.72,-19.36,-54.24,-7.01,25.92,29.4,33.76
410,-31.56,-9.5,-12.38,-22.73,-20.1,-56.97,-12.81,20.45,24.81,30.04
411,-31.91,-10.39,-13.01,-23.32,-21.32,-57.86,-16.07,17.64,22.78,27.27
412,-30.45,-8.61,-11.94,-22.4,-20.47,-56.32,-13.65,20.18,24.9,28.97
413,-31.09,-11.55,-15.42,-25.41,-22.93,-54.78,-13.93,19.59,24.13,27.99
414,-30.89,-9.13,-12.52,-22.97,-21.24,-55.29,-13.54,20.4,25,28.85
415,-30.44,-8.34,-12.06,-22.52,-20.65,-55.38,-13.83,19.96,24.74,28.21
416,-29.45,-7.66,-11.01,-21.44,-19.09,-56.88,-14.14,19.77,24.56,27.69
417,-29.02,-7.2,-11.53,-22.05,-19.73,-54.28,-13.33,20.06,24.79,27.92
418,-28.66,-7.86,-12.22,-22.53,-19.8,-50.67,-11.61,21.97,26.38,28.7
419,-28.76,-6.44,-10.83,-21.66,-19.03,-52.29,-12.88,21.05,25.71,27.85
420,-29.48,-8.58,-13.71,-23.74,-20.51,-49.11,-11.25,21.98,26.39,28.25
421,-30.19,-7.03,-12.43,-22.95,-20.25,-49.91,-11.64,20.53,25.13,27.36
422,-29.64,-5.43,-11.76,-22.53,-19.97,-49.79,-10.56,20.87,25.78,27.8
423,-28.76,-3.68,-10.67,-21.45,-19.44,-49.88,-9.33,21.94,26.61,28.59
424,-30.2,-5.23,-12.24,-22.77,-20.05,-49.41,-9.88,20.94,25.68,27.68
425,-30.17,-5.4,-12.27,-22.77,-20.25,-49.54,-9.24,21.27,25.83,27.89
426,-29.29,-3.42,-10.82,-21.94,-19.84,-50.2,-9.42,20.62,25.53,27.84
427,-28.82,-2.6,-10.23,-21.61,-19.51,-49.85,-7.87,22.12,26.67,28.63
428,-30.15,-3.95,-11.73,-22.5,-19.92,-49.27,-8.54,21.07,25.69,27.83
429,-29.07,-1.24,-9.17,-20.56,-18.94,-50.33,-7.97,21.35,26.01,28.31
430,-29.76,-2.2,-9.74,-21.23,-19.61,-49.4,-7.59,21.03,25.92,28
431,-28.99,-11.43,-14.51,-24.65,-21.26,-54.93,-13.49,17.37,21.91,24.86
432,-27.81,-10.09,-11.93,-20.72,-17.99,-56.41,-10.18,20.52,25.11,27.95
433,-27.94,-13.75,-17.08,-24.95,-21.03,-49.65,-5.26,24.65,28.02,29.37
434,-31.15,-13.47,-19.21,-26.28,-21.81,-51.28,-11.58,21.42,24.93,27.2
435,-34.53,-22.06,-24.11,-29.38,-23.92,-53.07,-21.56,16.86,20.29,23.77
436,-33.7,-17.18,-19.32,-25.27,-21.28,-58.26,-17.94,17.2,21.49,25.14
437,-30.49,-14.95,-17.99,-24.58,-20.75,-54.42,-13.43,20.11,24.43,27.62
438,-30.88,-13.7,-16.93,-23.64,-20.11,-55.73,-13.21,18.77,23.53,27
439,-28.54,-20.95,-24.61,-30.42,-25.92,-39.31,-1.3,33.8,35.91,37.56
440,-29.21,-17.65,-20.51,-27.25,-24.27,-45.47,-3.06,31.31,34.64,37.19
441,-38.81,-14.76,-15.87,-21.95,-19.34,-66.01,-25.7,5.12,12.12,18.73
442,-47.35,-18.45,-17.95,-24.05,-21.88,-77.87,-32.1,-0.27,4.94,13.51
443,-45.99,-35.6,-31.63,-32.82,-28.85,-69.58,-27.37,8.25,13.83,22.57
444,-49.36,-34.05,-32.95,-35.44,-31.77,-75.65,-33.42,1.67,8.03,17.56
445,-46.12,-34.81,-36.6,-38.8,-32.72,-72.56,-27.29,7.61,12.68,19.63
446,-48.09,-42.97,-44.29,-45.17,-35.36,-68.3,-25.93,5.1,10.65,19.39
447,-41.86,-39.14,-40.21,-41.14,-32.4,-68.04,-18.69,14.36,17.67,22.9
448,-44.64,-40.82,-40.44,-41.05,-32.15,-68.08,-16.18,16.5,19.32,23.46
449,-45.04,-41.91,-41.46,-42.16,-33.16,-66.65,-16.09,16.13,18.84,22.55
450,-48.54,-42.81,-42.04,-43.3,-33.52,-66.41,-20.52,14.18,17.18,19.76
451,-68.24,-60.27,-58.78,-57.45,-45.25,-66.21,-37.51,-8.64,-5.44,2.56
452,-55.09,-47.17,-46.69,-48.52,-37.65,-64.14,-21.19,10.04,12.58,15.89
453,-45.17,-40.24,-37.52,-40.49,-31.56,-62.5,-15.54,16.21,20.41,22.65
454,-43.34,-32.59,-32.28,-35.34,-24.58,-65.99,-25.39,15.61,18.83,25.25
455,-37.25,-25.93,-27.47,-34.29,-23.77,-63.2,-21.64,18.09,21.77,25.22
456,-37.3,-24,-28.21,-32.96,-23.87,-63.87,-17.76,21.6,24.95,28.34
457,-36.38,-24.33,-27.62,-33.02,-23.68,-63.94,-17.41,20.82,24.75,27.99
458,-34.56,-23,-26.11,-31.44,-22,-63.75,-15.56,22.95,26.56,29.48
459,-33.26,-22.14,-25.63,-31.17,-22.22,-62.63,-13.91,24.01,27.57,30.26
460,-34.08,-22.44,-26.12,-31.81,-22.83,-62.61,-14.78,23.29,26.74,29.23
461,-34.14,-21.37,-25.32,-30.9,-21.78,-63.03,-14.89,23.25,27.04,29.26
462,-33.74,-22.09,-25.81,-30.79,-21.75,-62.47,-14.58,23.52,27.45,28.88
463,-34.78,-23.06,-25.83,-31.18,-21.36,-64.04,-16.96,21.13,25.09,27.35
464,-34.31,-22.15,-24.91,-30.53,-20.76,-64.35,-16.97,21.12,25.21,27.58
465,-34.1,-22.57,-24.84,-30.67,-21.18,-63.46,-15.93,21.97,25.99,28.08
466,-33.75,-21.51,-24.32,-30.42,-21.1,-62.51,-14.66,23.04,26.93,28.56
467,-34.44,-21.97,-24.12,-29.96,-20.78,-63.79,-14.89,22.94,26.79,28.37
468,-33.22,-23.16,-24.61,-30.29,-21.52,-65.6,-18.82,20.71,25.79,29.45
469,-33.16,-26.09,-27.53,-34.11,-22.76,-55.53,-8.76,31.45,34.36,33.72
470,-33.94,-23.74,-24.53,-29.9,-20.4,-62.23,-13.77,26.63,30.12,31.74
471,-34.81,-23.01,-26.54,-34.42,-27.25,-75.27,-25.36,14.31,22.22,30.99
472,-33.54,-17.8,-23.09,-30.24,-25.91,-76.19,-29.09,8.26,18.15,27.82
473,-34.76,-20.32,-24.34,-30.84,-25.48,-77.05,-29.89,8.82,17.14,26.67
474,-34.86,-21.32,-25.25,-31.24,-24.55,-71.62,-26.13,12.85,20.16,27.87
475,-33.87,-22.66,-26.91,-32.14,-23.9,-67.33,-22.99,16.8,22.13,28.95
476,-32.2,-23.19,-27.4,-33.79,-25.52,-63,-17.06,22.98,27.36,33.83
477,-32.25,-22.61,-26.2,-32.62,-23.07,-60.26,-13.71,26.1,30.09,33.93
478,-31.04,-21.36,-25.72,-32.62,-22.77,-59.81,-13.68,26.49,30.41,34.08
479,-26.65,-13.52,-15.69,-24.1,-16.24,-64.15,-13.92,24.34,30.2,34.09
480,-22.62,-6.78,-8.11,-19.62,-13.23,-65.16,-13.59,24.6,30.86,34.7
481,-22.45,-6.35,-9.02,-20.04,-13.56,-63.19,-12.26,25.4,31.28,34.9
482,-21.7,-6.51,-9.61,-20.14,-13.12,-63.4,-13.48,24.63,30.47,33.95
483,-22.48,-7.36,-10.18,-20.33,-13.79,-63.78,-13.01,25.32,31.34,34.23
484,-29.86,-13.79,-17.99,-25.04,-17.44,-70.73,-18.18,20.16,25.88,29.82
485,-31.24,-13.42,-19.94,-26.97,-19.82,-74.84,-22.66,14.68,21.32,27.3
486,-34.16,-18.41,-24.15,-30.47,-22.3,-67.04,-15.61,22.33,26.94,30.94
487,-34.56,-18.83,-25.71,-32.38,-23.72,-72.26,-19.99,16.99,22.85,27.48
488,-33.74,-19.53,-27.15,-33.24,-24.6,-65.19,-16.76,20.19,25.21,30.4
489,-34.69,-19.39,-26.55,-33.15,-24.37,-61.95,-13.48,24.05,28.43,32.53
490,-34.48,-19.3,-26.87,-34.36,-24.91,-60.42,-11.28,25.44,29.67,33.04
491,-33.86,-20.01,-27.7,-34.96,-25.14,-57.41,-9.79,27.22,31.11,33.95
492,-36.4,-18.74,-26.79,-34.65,-25.54,-58.23,-10.16,26.94,31.19,33.43
493,-34.14,-20.87,-28.58,-35.64,-26.41,-57.91,-12.05,24.83,29.11,32.76
494,-34.27,-22.48,-30.01,-36.55,-27.38,-54.58,-9.32,28.87,32.35,35.01
495,-35.07,-23.7,-30.86,-36.95,-26.47,-52.62,-7.58,30.62,33.28,35.07
496,-34.72,-23.17,-30.73,-37.64,-28.34,-51.58,-7.39,30.47,33.71,35.87
497,-33.71,-23.68,-30.35,-36.47,-26.89,-59.76,-16.51,22.04,26.09,30.74
498,-32.85,-21.49,-28.41,-34.87,-26.41,-60.3,-18.14,20.41,25.18,30.33
499,-33.76,-20.16,-26.6,-33.13,-25.51,-69.67,-22.91,15.58,21.5,28.61
500,-33.14,-20.68,-28.29,-34.57,-26.05,-66.27,-20.75,17.47,22.67,30.05
501,-32.32,-19.91,-28.31,-34.98,-25.18,-60.47,-16.52,22.24,27.06,33.07
502,-31.85,-19.24,-27.92,-35.05,-25.72,-54.72,-11.57,26.77,30.82,35.47
503,-32.32,-19.35,-26.75,-33.16,-24.42,-55.45,-12.24,26.03,30.39,35.43
504,-32.04,-19.46,-25.71,-31.89,-23.32,-62.33,-15.83,22.99,27.9,33.61
505,-32.15,-18.62,-26.14,-33.1,-25.27,-68.94,-21.99,15.31,21.35,28.78
506,-30.05,-22.77,-28.16,-34.64,-25.49,-64.33,-14.98,19.69,24.57,30.98
507,-29.52,-23.13,-28.22,-33.54,-23.22,-57.01,-7.99,28.22,31.83,35.79
508,-28.21,-21.8,-27.79,-33.92,-24.84,-56.26,-6.89,29.88,32.76,35.59
509,-30.91,-22.64,-27.78,-32.24,-23.09,-64.98,-12.6,22.41,26.57,30.84
510,-30.72,-22.75,-30.69,-35.39,-26.54,-68.41,-22.71,15.16,19.81,26.55
511,-28.6,-21.37,-27.62,-32.98,-23.21,-63.21,-15.07,22.98,26.44,30.8
512,-28.25,-20.83,-25.95,-31.33,-20.88,-58.09,-8.71,30.27,32.87,35.79
513,-27.61,-20.49,-27.02,-32.42,-21.76,-56.6,-8.2,30.63,33.12,35.76
514,-27.84,-20.01,-27.32,-32.15,-22.45,-62.76,-14.06,23.8,27.42,30.64
515,-29.94,-19.96,-26.43,-31.39,-22.62,-69.64,-18.59,19.77,24.15,28.56
516,-22.65,-15.38,-21.66,-27.5,-18.99,-68.33,-14.65,23.68,27.43,31.34
517,-22.63,-15.54,-20.71,-26.81,-19.38,-76.18,-20.26,17.82,22.8,27.9
518,-22.12,-15.96,-22.42,-28.41,-20.48,-75.12,-18.85,19.58,24.02,29.31
519,-22.8,-17.25,-22.55,-28.56,-20.8,-72.17,-13.39,24.36,28.04,32.21
520,-23.99,-15.57,-21.66,-28.49,-20.2,-66.93,-11.75,26.59,30.06,33.56
521,-27.66,-16.6,-21.83,-27.57,-19.63,-67.95,-11.09,26.66,30.57,33.57
522,-23.87,-15.62,-21.82,-28.91,-21.21,-64.25,-7.93,27.3,31.14,34.56
523,-25.2,-16.16,-22.12,-28.67,-21.27,-64.01,-8.77,25.45,29.35,32.51
524,-26.19,-16.35,-21.99,-29.66,-23.86,-65.76,-11.67,22.16,26.63,32.14
525,-22.99,-13.12,-18.2,-24.31,-17.32,-72.91,-16.42,18.26,23.72,30.49
526,-18.48,-5.14,-10.37,-19.81,-16.15,-69.05,-13.08,19.27,24.98,32.16
527,-14.63,-7.2,-12.13,-21.16,-16.1,-64.23,-5.88,28.22,32.22,36.69
528,-34.66,-27.99,-32.84,-39.12,-32.27,-56,-6.24,28.99,33.66,37.1
529,-30.1,-21.63,-26.62,-33.31,-27.63,-60.64,-7.85,27.87,31.64,36.44
530,-31.85,-23.81,-29.25,-35.42,-28.71,-59.02,-8.82,26.79,30.79,35.07
531,-43.21,-37.53,-41.73,-44.79,-35.9,-55.84,-7.85,25.78,29.53,33.99
532,-42.66,-35.5,-40.91,-45.66,-38.56,-54.64,-8.21,25.03,29.04,33.4
533,-31.73,-27.86,-29.86,-36.61,-29.9,-59.74,-11.78,26.81,32.15,36.39
534,-28.11,-22.23,-21.32,-28.03,-22.52,-68.95,-22.04,18.55,25.97,36.22
535,-24.59,-19.41,-20.24,-29.28,-23.15,-62.4,-16.39,23.6,30.28,38.2
536,-24.13,-17.52,-18.52,-27.62,-21.66,-60.57,-13.86,25.82,32.22,38.99
537,-27.58,-19.69,-23.08,-31.29,-24.95,-56.62,-11.68,26.27,31.94,38.33
538,-27.02,-17.9,-20.92,-29.77,-23.6,-55.17,-9.53,27.44,33.18,38.72
539,-26.38,-12.66,-21.51,-27.12,-20.66,-39.16,-0.42,30.17,34.73,35.72
540,-29.46,-17.11,-21.32,-25.85,-19.15,-44.77,-7.13,27.23,32.4,32.08
541,-28.98,-16.88,-23.31,-28.13,-21.08,-40.58,-4.61,28.65,33.15,33.18
542,-31.54,-16.89,-22.42,-27,-20.91,-42.24,-9.46,24.74,29.84,31
543,-37.05,-25.11,-30.97,-35.72,-28.27,-34.58,-8.86,23.87,28.25,28.76
544,-38.24,-26.73,-30.2,-35.59,-26.93,-32.66,-7.34,25.56,28.63,26.12
545,-34.36,-23.98,-29.37,-34.59,-24.78,-43.93,-13.88,21.64,27.88,31.86
546,-38.71,-28.45,-32.67,-38.29,-30.52,-42.2,-14.58,18.96,24.38,29.71
547,-44.26,-31.06,-35.08,-39.23,-31.78,-44.61,-18.72,14.57,21.02,25.05
548,-41.27,-24.85,-27.61,-34.07,-28.76,-49.95,-18.97,13.69,21.33,25.8
549,-42.26,-26.94,-30.84,-36.35,-29.65,-46.91,-17.36,14.34,21.14,24.77
550,-25.68,-13.86,-14.86,-25.4,-21.01,-49.66,-9.09,27.02,31.84,33.72
551,-32.07,-18.32,-26.1,-38.4,-30.08,-50.3,-15.75,18.53,24.49,27.76
552,-28.07,-20.52,-22.36,-31.6,-24.39,-56.66,-9.91,28.04,32.78,36.09
553,-28.74,-26.49,-30.99,-36.19,-26.66,-56.26,-9.78,29.41,32.45,36.11
554,-29.66,-23.89,-27.08,-33.27,-24.64,-61.15,-12.33,26.11,30.27,34.66
555,-24.46,-18.07,-19.69,-27.66,-19.6,-56.2,-9.53,28.7,32.89,35.57
556,-22.68,-15.35,-15.87,-24.83,-18.09,-51.76,-8.81,29.58,33.54,36.46
557,-22.83,-16.07,-16.8,-25.25,-17.71,-50.6,-7.67,30.13,34.32,36.17
558,-19.52,-11.67,-12.18,-21.76,-16.31,-50.35,-6.84,31.2,35.65,37.28
559,-17.23,-8.3,-8.82,-19.08,-13.94,-49.77,-5.28,32.66,37.21,38.32
560,-17.02,-6.78,-5.75,-16.27,-12.05,-50.73,-5.15,32.69,37.54,38.03
561,-14.01,-1.22,-2.35,-12.95,-9.51,-53.82,-7.55,30.28,35.42,36.29
562,-12.21,3.22,2.59,-9.08,-6.5,-58.31,-9.08,28.61,34.04,34.83
563,-13.23,-1.22,-2.35,-13.62,-9.65,-51.67,-5.2,32.98,37.75,37.32
564,-13.35,-0.91,-2.69,-13.5,-9.58,-48.75,-4.16,33.51,38.54,37.63
565,-12.4,0.2,-3.26,-14.06,-10.13,-47.7,-1.7,36.57,40.49,38.61
566,-11.54,4.5,1.43,-10.58,-7.71,-51.35,-5.96,31.66,36.77,35.78
567,-13.04,5.12,0.91,-10.81,-8.24,-51.49,-6.15,31.57,36.93,35.99
568,-13.88,1.28,-2.48,-13.27,-9.62,-48.87,-2.43,34.74,39.21,37.31
569,-13.48,1.4,-2.85,-13.6,-9.84,-47.78,-0.86,35.89,40.52,38.42
570,-12.85,4.02,-0.8,-11.8,-8.76,-51.78,-4.01,33.31,38.1,36.6
571,-11.47,6.7,3.84,-7.71,-5.57,-57.14,-6.98,30.62,36.13,34.73
572,-13.12,3.02,-0.49,-11.52,-8.47,-51.56,-3.76,34.01,39,37
573,-15.31,1.26,-3.68,-14.39,-10.3,-49.12,-1.99,35.2,39.92,37.08
574,-13.07,4,-1.86,-12.66,-9.72,-49.77,-1.5,35.87,40.08,37.22
575,-19.1,-5.44,-12.28,-21.29,-16.35,-43.5,1.44,37.57,40.93,37.03
576,-18.4,-1.6,-6.97,-16.34,-13.36,-45.87,-0.62,35.85,40.31,36.77
577,-18.32,0.73,-6.09,-15.8,-12.9,-47.58,-0.56,34.86,39.4,36.09
578,-18.52,1.56,-4.95,-15.08,-12.61,-48.21,-2.33,33.15,38.42,35.17
579,-17.42,8.8,0.04,-11.08,-9.38,-52.08,-4.6,30.67,36.57,33.7
580,-16.86,10.7,1.16,-10.06,-8.79,-53.75,-1.39,30.21,35.96,32.65
581,-18.2,7.12,-1.96,-12.64,-10.28,-50.81,1.15,31.25,36.92,32.99
582,-18.54,5.77,-3.04,-13.89,-12.15,-51.93,1.29,31.09,36.9,33.96
583,-21.53,1.48,-7.34,-17.36,-14.49,-53.45,0.29,30.38,35.62,32.67
584,-24.61,0.32,-7.01,-15.85,-12.87,-55.94,-1.24,28.12,33.88,30.82
585,-29.22,-17,-21.68,-28.97,-21.03,-63.24,-10.48,26.2,30.15,32.11
586,-30.95,-28.8,-28.44,-33.98,-22.12,-62.04,-9.41,28.77,31.6,31.57
587,-31.02,-24.78,-28.76,-32.91,-22.79,-60.77,-9.91,26.77,30.38,29.33
588,-30.5,-23.56,-27.74,-32.02,-22.79,-59.2,-9.8,26.85,30.2,29.49
589,-30.17,-21.51,-27.52,-32.08,-22.49,-59.59,-7.54,27.38,30.95,30.01
590,-30.77,-19.83,-26.59,-30.8,-21.6,-60.75,-7.09,25.18,29.13,28.41
591,-30.07,-16.9,-23.4,-28.16,-19.9,-64.76,-9.8,21.65,26.85,26.85
592,-33.1,-20.06,-26.56,-31.05,-22.55,-61.75,-8.74,21.67,26.14,25.98
593,-30.1,-15.48,-22.22,-27.45,-20.14,-61.56,-6.31,24.64,29.32,28.97
594,-31.23,-14.99,-21.66,-26.74,-19.48,-63.59,-8.78,21.21,26.5,26.6
595,-33.23,-16.8,-24.2,-28.48,-20.72,-64.34,-9.94,20.34,25.33,25.37
596,-28.47,-12.34,-19.18,-25.09,-18.9,-62.17,-6.7,23.78,29.2,28.86
597,-30.83,-15.07,-22.07,-27.07,-20,-64.01,-9.16,20.76,26.21,26.1
598,-31.37,-15.49,-22.51,-27.51,-20.15,-63.91,-9.66,19.79,25.44,25.31
599,-31.44,-14.61,-22.57,-27.83,-20.39,-62.92,-8.23,21.14,26.65,26.4
600,-30.81,-14.01,-21.22,-26.3,-19.37,-64.78,-9,20.42,25.79,25.74
601,-32.06,-15.69,-20.77,-26.5,-19.36,-64.94,-12.87,18.89,24.51,23.63
602,-28.95,-15.36,-20.6,-26.58,-18.94,-63.3,-11.66,19.24,25,23.93
603,-27.11,-13.86,-19.2,-25.46,-17.84,-61.9,-8.79,22.9,28.31,26.51
604,-29.17,-19.78,-24.69,-31.09,-23.22,-47.13,5.99,40.46,43.24,37.95
605,-28.89,-21.85,-26.44,-32.91,-25.15,-43.37,8.25,41.84,45.03,39.4
606,-30.28,-22.11,-27.94,-34.46,-26.05,-37.24,10.65,43.61,46.66,39.93
